{"cameraMode":{"drawMode":0,"name":"Shaded","section":"Shading Mode"},"sceneLighting":false,"audioPlay":false,"sceneViewState":{"m_AlwaysRefresh":false,"showFog":false,"showSkybox":false,"showFlares":false,"showImageEffects":false,"showParticleSystems":false,"showVisualEffectGraphs":true,"m_FxEnabled":true},"in2DMode":false,"pivot":{"x":-0.00003618001937866211,"y":0.9932966232299805,"z":0.045148611068725589},"rotation":{"x":-0.024663064628839494,"y":0.8253973722457886,"z":-0.03618240728974342,"w":-0.5628775358200073},"size":1.4202779531478882,"orthographic":false}