{"cameraMode":{"drawMode":0,"name":"Shaded","section":"Shading Mode"},"sceneLighting":true,"audioPlay":false,"sceneViewState":{"m_AlwaysRefresh":false,"showFog":true,"showSkybox":true,"showFlares":true,"showImageEffects":true,"showParticleSystems":true,"showVisualEffectGraphs":true,"m_FxEnabled":true},"in2DMode":false,"pivot":{"x":0.1300937533378601,"y":-3.286674976348877,"z":-2.629560708999634},"rotation":{"x":-0.004271496552973986,"y":0.8710885643959045,"z":-0.49104100465774538,"w":-0.007577748969197273},"size":4.742703437805176,"orthographic":false}