{"cameraMode":{"drawMode":0,"name":"Shaded","section":"Shading Mode"},"sceneLighting":true,"audioPlay":false,"sceneViewState":{"m_AlwaysRefresh":false,"showFog":true,"showSkybox":true,"showFlares":true,"showImageEffects":true,"showParticleSystems":true,"showVisualEffectGraphs":true,"m_FxEnabled":true},"in2DMode":false,"pivot":{"x":1.2629139423370362,"y":0.7582972049713135,"z":0.006735801696777344},"rotation":{"x":-0.06399282813072205,"y":0.9337872862815857,"z":-0.2799847722053528,"w":-0.21342498064041139},"size":1.1820509433746338,"orthographic":false}