{"cameraMode":{"drawMode":0,"name":"Shaded","section":"Shading Mode"},"sceneLighting":false,"audioPlay":false,"sceneViewState":{"m_AlwaysRefresh":false,"showFog":false,"showSkybox":false,"showFlares":false,"showImageEffects":false,"showParticleSystems":false,"showVisualEffectGraphs":true,"m_FxEnabled":true},"in2DMode":false,"pivot":{"x":-0.00015169382095336914,"y":0.7701648473739624,"z":0.031882017850875857},"rotation":{"x":-0.06833100318908692,"y":0.9306268095970154,"z":-0.27599701285362246,"w":-0.23040370643138886},"size":1.1820509433746338,"orthographic":false}