{"cameraMode":{"drawMode":0,"name":"Shaded","section":"Shading Mode"},"sceneLighting":false,"audioPlay":false,"sceneViewState":{"m_AlwaysRefresh":false,"showFog":false,"showSkybox":false,"showFlares":false,"showImageEffects":false,"showParticleSystems":false,"showVisualEffectGraphs":true,"m_FxEnabled":true},"in2DMode":false,"pivot":{"x":0.01252835988998413,"y":0.7567946314811707,"z":0.0029161572456359865},"rotation":{"x":-0.008924271911382676,"y":0.902066707611084,"z":-0.43109357357025149,"w":-0.01867447793483734},"size":1.0020253658294678,"orthographic":false}